image_name,class
bak-ok-9096.jpg,0
bak-ok-9097.jpg,0
bak-ok-9098.jpg,0
bak-ok-9099.jpg,0
bak-ok-9100.jpg,0
bak-ok-9101.jpg,0
bak-ok-9102.jpg,0
bak-ok-9103.jpg,0
bak-ok-9104.jpg,0
bak-ok-9105.jpg,0
bak-ok-9106.jpg,0
bak-ok-9107.jpg,0
bak-ok-9108.jpg,0
bak-ok-9109.jpg,0
bak-ok-9110.jpg,0
bak-ok-9111.jpg,0
bak-ok-9112.jpg,0
bak-ok-9113.jpg,0
bak-ok-9114.jpg,0
bak-ok-9115.jpg,0
bak-ok-9116.jpg,0
bak-ok-9117.jpg,0
bak-ok-9118.jpg,0
bak-ok-9119.jpg,0
bak-ok-9120.jpg,0
bak-ok-9121.jpg,0
bak-ok-9123.jpg,0
bak-ok-9124.jpg,0
bak-ok-9125.jpg,0
bak-ok-9126.jpg,0
bak-ok-9127.jpg,0
bak-ok-9128.jpg,0
bak-ok-9129.jpg,0
bak-ok-9130.jpg,0
bak-ok-9131.jpg,0
bak-ok-9132.jpg,0
bak-ok-9133.jpg,0
bak-ok-9134.jpg,0
bak-ok-9135.jpg,0
bak-ok-9136.jpg,0
bak-ok-9137.jpg,0
bak-ok-9138.jpg,0
bak-ok-9139.jpg,0
bak-ok-9140.jpg,0
bak-ok-9141.jpg,0
bak-ok-9142.jpg,0
bak-ok-9143.jpg,0
bak-ok-9144.jpg,0
bak-ok-9145.jpg,0
bak-ok-9146.jpg,0
bak-ok-9147.jpg,0
bak-ok-9148.jpg,0
bak-ok-9149.jpg,0
bak-ok-9150.jpg,0
bak-ok-9151.jpg,0
bak-ok-9152.jpg,0
bak-ok-9153.jpg,0
bak-ok-9154.jpg,0
lem-dead-9253.jpg,5
lem-dead-9254.jpg,5
lem-dead-9255.jpg,5
lem-dead-9256.jpg,5
lem-dead-9257.jpg,5
lem-dead-9258.jpg,5
lem-dead-9259.jpg,5
lem-dead-9260.jpg,5
lem-dead-9261.jpg,5
lem-dead-9262.jpg,5
lem-dead-9263.jpg,5
lem-dead-9264.jpg,5
lem-dead-9265.jpg,5
lem-dead-9266.jpg,5
lem-dead-9267.jpg,5
lem-dead-9268.jpg,5
lem-dead-9269.jpg,5
lem-dead-9270.jpg,5
lem-dead-9271.jpg,5
lem-dead-9272.jpg,5
lem-dead-9273.jpg,5
lem-dead-9274.jpg,5
lem-dead-9275.jpg,5
lem-dead-9276.jpg,5
lem-dead-9277.jpg,5
lem-dead-9278.jpg,5
lem-dead-9279.jpg,5
lem-dead-9280.jpg,5
lem-dead-9281.jpg,5
lem-dead-9282.jpg,5
lem-dead-9283.jpg,5
lem-dead-9284.jpg,5
lem-dead-9285.jpg,5
lem-dead-9286.jpg,5
lem-dead-9287.jpg,5
lem-dead-9288.jpg,5
lem-dead-9291.jpg,5
lem-dead-9292.jpg,5
lem-dead-9293.jpg,5
lem-dead-9294.jpg,5
lem-dead-9295.jpg,5
lem-dead-9296.jpg,5
lem-dead-9297.jpg,5
lem-dead-9298.jpg,5
lem-dead-9299.jpg,5
lem-dead-9300.jpg,5
lem-dead-9301.jpg,5
lem-dead-9302.jpg,5
lem-dead-9303.jpg,5
lem-dead-9304.jpg,5
lem-dead-9305.jpg,5
lem-dead-9306.jpg,5
lem-dead-9307.jpg,5
lem-dead-9308.jpg,5
lem-dead-9309.jpg,5
lem-dead-9310.jpg,5
lem-dead-9311.jpg,5
lem-dead-9312.jpg,5
lem-dead-9313.jpg,5
lem-dead-9314.jpg,5
lem-dead-9315.jpg,5
lem-dead-9316.jpg,5
lem-dead-9317.jpg,5
lem-dead-9318.jpg,5
lem-dead-9319.jpg,5
lem-dead-9320.jpg,5
lem-dead-9321.jpg,5
lem-dead-9322.jpg,5
lem-dead-9323.jpg,5
lem-dead-9324.jpg,5
lem-dead-9325.jpg,5
lem-dead-9326.jpg,5
lem-dead-9327.jpg,5
lem-dead-9328.jpg,5
lem-dead-9329.jpg,5
lem-dead-9330.jpg,5
lem-dead-9331.jpg,5
lem-dead-9332.jpg,5
lem-dead-9333.jpg,5
lem-dead-9334.jpg,5
lem-dead-9335.jpg,5
lem-dead-9336.jpg,5
lem-dead-9337.jpg,5
lem-dead-9338.jpg,5
lem-dead-9339.jpg,5
lem-dead-9340.jpg,5
lem-dead-9342.jpg,5
lem-dead-9343.jpg,5
lem-dead-9344.jpg,5
lem-dead-9345.jpg,5
lem-dead-9346.jpg,5
lem-dead-9347.jpg,5
lem-dead-9348.jpg,5
lem-dead-9349.jpg,5
lem-ok-8700.jpg,4
lem-ok-8701.jpg,4
lem-ok-8702.jpg,4
lem-ok-8703.jpg,4
lem-ok-8704.jpg,4
lem-ok-8705.jpg,4
lem-ok-8706.jpg,4
lem-ok-8707.jpg,4
lem-ok-8708.jpg,4
lem-ok-8709.jpg,4
lem-ok-8710.jpg,4
lem-ok-8711.jpg,4
lem-ok-8712.jpg,4
lem-ok-8713.jpg,4
lem-ok-8714.jpg,4
lem-ok-8715.jpg,4
lem-ok-8716.jpg,4
lem-ok-8717.jpg,4
lem-ok-8718.jpg,4
lem-ok-8719.jpg,4
lem-ok-8720.jpg,4
lem-ok-8721.jpg,4
lem-ok-8722.jpg,4
lem-ok-8723.jpg,4
lem-ok-8724.jpg,4
lem-ok-8725.jpg,4
lem-ok-8726.jpg,4
lem-ok-8727.jpg,4
lem-ok-8728.jpg,4
lem-ok-8729.jpg,4
lem-ok-8730.jpg,4
lem-ok-8731.jpg,4
lem-ok-8732.jpg,4
lem-ok-8733.jpg,4
lem-ok-8734.jpg,4
lem-ok-8735.jpg,4
lem-ok-9217.jpg,4
lem-ok-9218.jpg,4
lem-ok-9219.jpg,4
lem-ok-9220.jpg,4
lem-ok-9221.jpg,4
lem-ok-9222.jpg,4
lem-ok-9223.jpg,4
lem-ok-9224.jpg,4
lem-ok-9225.jpg,4
lem-ok-9226.jpg,4
lem-ok-9227.jpg,4
lem-ok-9228.jpg,4
lem-ok-9230.jpg,4
lem-ok-9231.jpg,4
lem-ok-9232.jpg,4
lem-ok-9233.jpg,4
lem-ok-9234.jpg,4
lem-ok-9235.jpg,4
lem-ok-9236.jpg,4
lem-ok-9237.jpg,4
lem-ok-9238.jpg,4
lem-ok-9239.jpg,4
lem-ok-9240.jpg,4
lem-ok-9241.jpg,4
lem-ok-9242.jpg,4
lem-ok-9243.jpg,4
lem-ok-9244.jpg,4
lem-ok-9245.jpg,4
lem-ok-9246.jpg,4
pear-8780.jpg,2
pear-8781.jpg,2
pear-8782.jpg,2
pear-8783.jpg,2
pear-8784.jpg,2
pear-8785.jpg,2
pear-8786.jpg,2
pear-8787.jpg,2
pear-8788.jpg,2
pear-8789.jpg,2
pear-8790.jpg,2
pear-8791.jpg,2
pear-8792.jpg,2
pear-8793.jpg,2
pear-8794.jpg,2
pear-8795.jpg,2
pear-8796.jpg,2
pear-8797.jpg,2
pear-8798.jpg,2
pear-8799.jpg,2
pear-8800.jpg,2
pear-8801.jpg,2
pear-8802.jpg,2
pear-8803.jpg,2
pear-8804.jpg,2
pear-8805.jpg,2
pear-8806.jpg,2
pear-8807.jpg,2
pear-8808.jpg,2
pear-8809.jpg,2
pear-8810.jpg,2
pear-8811.jpg,2
pear-8812.jpg,2
pear-8813.jpg,2
pear-8814.jpg,2
pear-8815.jpg,2
pear-8816.jpg,2
pear-8817.jpg,2
pear-8818.jpg,2
pear-8819.jpg,2
pear-8820.jpg,2
pear-8821.jpg,2
pear-8822.jpg,2
pear-8823.jpg,2
pear-8824.jpg,2
pear-8825.jpg,2
pear-8826.jpg,2
pear-8827.jpg,2
pear-8828.jpg,2
pear-8829.jpg,2
pear-8830.jpg,2
pear-8831.jpg,2
pear-8832.jpg,2
pear-8833.jpg,2
pear-8834.jpg,2
pear-8835.jpg,2
pear-8836.jpg,2
pear-8837.jpg,2
pear-8838.jpg,2
pear-8839.jpg,2
pear-8840.jpg,2
pear-8841.jpg,2
pear-8842.jpg,2
pear-8843.jpg,2
pear-8844.jpg,2
pear-8845.jpg,2
pear-8846.jpg,2
pear-8847.jpg,2
pear-8848.jpg,2
pear-8849.jpg,2
pear-8850.jpg,2
pear-8851.jpg,2
pear-8852.jpg,2
pear-8853.jpg,2
pear-8854.jpg,2
pear-8855.jpg,2
pear-8856.jpg,2
pear-8857.jpg,2
pear-8858.jpg,2
pear-8859.jpg,2
pear-8860.jpg,2
pep-9037.jpg,3
pep-9038.jpg,3
pep-9039.jpg,3
pep-9040.jpg,3
pep-9041.jpg,3
pep-9042.jpg,3
pep-9043.jpg,3
pep-9044.jpg,3
pep-9045.jpg,3
pep-9046.jpg,3
pep-9047.jpg,3
pep-9048.jpg,3
pep-9049.jpg,3
pep-9050.jpg,3
pep-9051.jpg,3
pep-9052.jpg,3
pep-9054.jpg,3
pep-9055.jpg,3
pep-9056.jpg,3
pep-9057.jpg,3
pep-9058.jpg,3
pep-9059.jpg,3
pep-9060.jpg,3
pep-9061.jpg,3
pep-9062.jpg,3
pep-9063.jpg,3
pep-9064.jpg,3
pep-9065.jpg,3
pep-9066.jpg,3
pep-9067.jpg,3
pep-9068.jpg,3
pep-9069.jpg,3
pep-9070.jpg,3
pep-9071.jpg,3
pep-9072.jpg,3
pep-9073.jpg,3
pep-9075.jpg,3
pep-9076.jpg,3
pep-9077.jpg,3
pep-9078.jpg,3
pep-9079.jpg,3
pep-9080.jpg,3
pep-9081.jpg,3
pep-9082.jpg,3
pep-9083.jpg,3
pep-9084.jpg,3
pep-9085.jpg,3
pep-9086.jpg,3
pep-9087.jpg,3
pep-9088.jpg,3
pep-9089.jpg,3
pep-9090.jpg,3
pep-9091.jpg,3
pep-9092.jpg,3
pep-9093.jpg,3
pep-9094.jpg,3
pep-9095.jpg,3
tom-ok-8906.jpg,1
tom-ok-8907.jpg,1
tom-ok-8908.jpg,1
tom-ok-8909.jpg,1
tom-ok-8910.jpg,1
tom-ok-8911.jpg,1
tom-ok-8912.jpg,1
tom-ok-8913.jpg,1
tom-ok-8914.jpg,1
tom-ok-8915.jpg,1
tom-ok-8916.jpg,1
tom-ok-8917.jpg,1
tom-ok-8918.jpg,1
tom-ok-8919.jpg,1
tom-ok-8920.jpg,1
tom-ok-8921.jpg,1
tom-ok-8922.jpg,1
tom-ok-8923.jpg,1
tom-ok-8924.jpg,1
tom-ok-8925.jpg,1
tom-ok-8926.jpg,1
tom-ok-8927.jpg,1
tom-ok-8928.jpg,1
tom-ok-8929.jpg,1
tom-ok-8930.jpg,1
tom-ok-8931.jpg,1
tom-ok-8932.jpg,1
tom-ok-8933.jpg,1
tom-ok-8934.jpg,1
tom-ok-8935.jpg,1
tom-ok-8936.jpg,1
tom-ok-8937.jpg,1
tom-ok-8938.jpg,1
tom-ok-8939.jpg,1
tom-ok-8940.jpg,1
tom-ok-8941.jpg,1
tom-ok-8942.jpg,1
tom-ok-8943.jpg,1
tom-ok-8944.jpg,1
tom-ok-8945.jpg,1
tom-ok-8946.jpg,1
tom-ok-8947.jpg,1
tom-ok-8948.jpg,1
tom-ok-8949.jpg,1
tom-ok-8955.jpg,1
